ticker,name
AA,Alcoa Corporation
AAL,American Airlines Group Inc.
AAN,"The Aaron's Company, Inc."
AAOI,"Applied Optoelectronics, Inc."
AAP,"Advance Auto Parts, Inc."
ABCL,AbCellera Biologics Inc.
ABEO,Abeona Therapeutics Inc.
ABR,"Arbor Realty Trust, Inc."
ABSI,Absci Corporation
ABUS,Arbutus Biopharma Corporation
ACAD,ACADIA Pharmaceuticals Inc.
ACC,"American Campus Communities, Inc."
ACCD,"Accolade, Inc."
ACCO,ACCO Brands Corporation
ACET,"Adicet Bio, Inc."
ACHC,"Acadia Healthcare Company, Inc."
ACHR,Archer Aviation Inc.
ACIW,"ACI Worldwide, Inc."
ACLX,"Arcellx, Inc."
ACMR,"ACM Research, Inc."
ACRS,"Aclaris Therapeutics, Inc."
ACVA,ACV Auctions Inc.
ADC,Agree Realty Corporation
ADGI,"Adagio Therapeutics, Inc."
ADMA,"ADMA Biologics, Inc."
ADN,"Advent Technologies Holdings, Inc."
ADNT,Adient plc
ADPT,Adaptive Biotechnologies Corporation
ADS,"Bread Financial Holdings, Inc."
ADT,ADT Inc.
ADTN,"ADTRAN Holdings, Inc."
ADV,Advantage Solutions Inc.
ADVM,"Adverum Biotechnologies, Inc."
AEHR,Aehr Test Systems
AEL,American Equity Investment Life Holding Company
AEO,"American Eagle Outfitters, Inc."
AERI,"Aerie Pharmaceuticals, Inc."
AESI,Atlas Energy Solutions Inc.
AEVA,"Aeva Technologies, Inc."
AFIB,"Acutus Medical, Inc."
AFIN,"American Finance Trust, Inc."
AFMD,Affimed N.V.
AGCO,AGCO Corporation
AGEN,Agenus Inc.
AGIO,"Agios Pharmaceuticals, Inc."
AGL,"Agilon Health, Inc."
AGLE,"Aeglea BioTherapeutics, Inc."
AGNC,AGNC Investment Corp.
AGO,Assured Guaranty Ltd.
AGTC,Applied Genetic Technologies Corporation
AHCO,AdaptHealth Corp.
AHR,"American Healthcare REIT, Inc."
AHT,"Ashford Hospitality Trust, Inc."
AI,"C3.ai, Inc."
AILE,"iLearningEngines, Inc."
AIRC,Apartment Income REIT Corp.
AISP,"Airship AI Holdings, Inc."
AIV,Apartment Investment and Management Company
AJRD,"Aerojet Rocketdyne Holdings, Inc."
AKBA,"Akebia Therapeutics, Inc."
AKR,Acadia Realty Trust
AKRO,"Akero Therapeutics, Inc."
AKTS,"Akoustis Technologies, Inc."
AL,Air Lease Corporation
ALDX,"Aldeyra Therapeutics, Inc."
ALEC,"Alector, Inc."
ALGM,"Allegro MicroSystems, Inc."
ALHC,"Alignment Healthcare, Inc."
ALIT,"Alight, Inc."
ALK,"Alaska Air Group, Inc."
ALKS,Alkermes plc
ALLK,Allakos Inc.
ALLO,"Allogene Therapeutics, Inc."
ALSN,"Allison Transmission Holdings, Inc."
ALT,"Altimmune, Inc."
ALTM,Arcadium Lithium plc
ALTO,"Alto Ingredients, Inc."
ALVR,"AlloVir, Inc."
ALXO,ALX Oncology Holdings Inc.
AM,Antero Midstream Corporation
AMBA,"Ambarella, Inc."
AMBP,Ardagh Metal Packaging S.A.
AMC,"AMC Entertainment Holdings, Inc."
AMCX,AMC Networks Inc.
AMKR,"Amkor Technology, Inc."
AMLX,"Amylyx Pharmaceuticals, Inc."
AMN,"AMN Healthcare Services, Inc."
AMPE,"Ampio Pharmaceuticals, Inc."
AMPL,"Amplitude, Inc."
AMPS,"Altus Power, Inc."
AMPX,"Amprius Technologies, Inc."
AMPY,Amplify Energy Corp.
AMR,"Alpha Metallurgical Resources, Inc."
AMRS,"Amyris, Inc."
AMRX,"Amneal Pharmaceuticals, Inc."
AMSC,American Superconductor Corporation
AMTD,AMTD IDEA Group
AMTX,"Aemetis, Inc."
AMWL,American Well Corporation
AN,"AutoNation, Inc."
ANF,Abercrombie & Fitch Co.
ANNX,"Annexon, Inc."
APA,APA Corporation
APG,APi Group Corporation
APLD,Applied Digital Corporation
APLE,"Apple Hospitality REIT, Inc."
APLS,"Apellis Pharmaceuticals, Inc."
APLT,"Applied Therapeutics, Inc."
APPH,"AppHarvest, Inc."
APPN,Appian Corporation
APPS,"Digital Turbine, Inc."
APT,"Alpha Pro Tech, Ltd."
APTS,"Preferred Apartment Communities, Inc."
APTX,Aptinyx Inc.
AQB,"AquaBounty Technologies, Inc."
AQST,"Aquestive Therapeutics, Inc."
AQUA,Evoqua Water Technologies Corp.
AR,Antero Resources Corporation
ARAY,Accuray Incorporated
ARDX,"Ardelyx, Inc."
ARHS,"Arhaus, Inc."
ARI,"Apollo Commercial Real Estate Finance, Inc."
ARLO,"Arlo Technologies, Inc."
ARMK,Aramark
ARNA,"Arena Pharmaceuticals, Inc."
ARNC,Arconic Corporation
AROC,"Archrock, Inc."
ARQT,"Arcutis Biotherapeutics, Inc."
ARR,"ARMOUR Residential REIT, Inc."
ARRY,"Array Technologies, Inc."
ARVN,"Arvinas, Inc."
ARW,"Arrow Electronics, Inc."
ARWR,"Arrowhead Pharmaceuticals, Inc."
ASAN,"Asana, Inc."
ASB,Associated Banc-Corp
ASH,Ashland Inc.
ASO,"Academy Sports and Outdoors, Inc."
ASPI,ASP Isotopes Inc. Common Stock
ASPN,"Aspen Aerogels, Inc."
ASRT,"Assertio Holdings, Inc."
ASTS,"AST SpaceMobile, Inc."
ASXC,"Asensus Surgical, Inc."
ATEC,"Alphatec Holdings, Inc."
ATEN,"A10 Networks, Inc."
ATER,"Aterian, Inc."
ATH,Athene Holding Ltd.
ATHA,"Athira Pharma, Inc."
ATHX,"Athersys, Inc."
ATI,ATI Inc.
ATIP,"ATI Physical Therapy, Inc."
ATNM,"Actinium Pharmaceuticals, Inc."
ATNX,"Athenex, Inc."
ATOS,"Atossa Therapeutics, Inc."
ATRA,"Atara Biotherapeutics, Inc."
ATRS,"Antares Pharma, Inc."
ATSG,"Air Transport Services Group, Inc."
ATUS,"Altice USA, Inc."
ATXI,"Avenue Therapeutics, Inc."
AUD,"Audacy, Inc."
AUPH,Aurinia Pharmaceuticals Inc.
AUR,"Aurora Innovation, Inc."
AVA,Avista Corporation
AVDL,Avadel Pharmaceuticals plc
AVDX,"AvidXchange Holdings, Inc."
AVEO,"AVEO Pharmaceuticals, Inc."
AVIR,"Atea Pharmaceuticals, Inc."
AVLR,"Avalara, Inc."
AVPT,"AvePoint, Inc."
AVT,"Avnet, Inc."
AVXL,Anavex Life Sciences Corp.
AVYA,Avaya Holdings Corp.
AWH,Aspira Women's Health Inc.
AXL,"American Axle & Manufacturing Holdings, Inc."
AXLA,Axcella Health Inc.
AXNX,"Axonics, Inc."
AXS,AXIS Capital Holdings Limited
AXSM,"Axsome Therapeutics, Inc."
AXTA,Axalta Coating Systems Ltd.
AYX,"Alteryx, Inc."
AZEK,The AZEK Company Inc.
AZTA,"Azenta, Inc."
B,Barrick Mining Corporation
BANC,"Banc of California, Inc."
BARK,"BARK, Inc."
BBAI,"BigBear.ai Holdings, Inc."
BBBY,Bed Bath & Beyond Inc.
BBIG,"Vinco Ventures, Inc."
BBIO,"BridgeBio Pharma, Inc."
BBLN,Babylon Holdings Limited
BBWI,"Bath & Body Works, Inc."
BC,Brunswick Corporation
BCAB,"BioAtla, Inc."
BCEL,"Atreca, Inc."
BCLI,Brainstorm Cell Therapeutics Inc.
BCRX,"BioCryst Pharmaceuticals, Inc."
BDN,Brandywine Realty Trust
BDSI,"BioDelivery Sciences International, Inc."
BDSX,"Biodesix, Inc."
BDTX,"Black Diamond Therapeutics, Inc."
BE,Bloom Energy Corporation
BEAM,Beam Therapeutics Inc.
BECN,"Beacon Roofing Supply, Inc."
BERY,"Berry Global Group, Inc."
BFH,"Bread Financial Holdings, Inc."
BFLY,"Butterfly Network, Inc."
BGCP,"BGC Partners, Inc."
BGFV,Big 5 Sporting Goods Corporation
BGRY,"Berkshire Grey, Inc."
BGS,"B&G Foods, Inc."
BGXX,Bright Green Corporation
BHF,"Brighthouse Financial, Inc."
BHG,"Bright Health Group, Inc."
BHVN,Biohaven Ltd.
BIG,"Big Lots, Inc."
BIGC,"BigCommerce Holdings, Inc."
BILL,"Bill.com Holdings, Inc."
BIRD,"Allbirds, Inc."
BIVI,BioVie Inc.
BJ,"BJ's Wholesale Club Holdings, Inc."
BKD,Brookdale Senior Living Inc.
BKE,"The Buckle, Inc."
BKKT,"Bakkt Holdings, Inc."
BKSY,BlackSky Technology Inc.
BKU,"BankUnited, Inc."
BL,"BlackLine, Inc."
BLDE,"Blade Air Mobility, Inc."
BLI,"Berkeley Lights, Inc."
BLMN,"Bloomin' Brands, Inc."
BLND,"Blend Labs, Inc."
BLNK,Blink Charging Co.
BLUE,"bluebird bio, Inc."
BMBL,Bumble Inc.
BMEA,"Biomea Fusion, Inc."
BNED,"Barnes & Noble Education, Inc."
BNGO,"Bionano Genomics, Inc."
BNL,"Broadstone Net Lease, Inc."
BOOT,"Boot Barn Holdings, Inc."
BORR,Borr Drilling Limited
BOWL,Bowlero Corp.
BOX,"Box, Inc."
BOXD,"Boxed, Inc."
BPFH,"Boston Private Financial Holdings, Inc."
BPMC,Blueprint Medicines Corporation
BPOP,"Popular, Inc."
BPYU,Brookfield Property REIT Inc.
BRBR,"BellRing Brands, Inc."
BRCC,BRC Inc.
BRDS,"Bird Global, Inc."
BRKR,Bruker Corporation
BRKS,"Brooks Automation, Inc."
BRMK,Broadmark Realty Capital Inc.
BROS,Dutch Bros Inc.
BRSP,"BrightSpire Capital, Inc."
BRX,Brixmor Property Group Inc.
BRY,Berry Corporation
BRZE,"Braze, Inc."
BTAI,"BioXcel Therapeutics, Inc."
BTBT,"Bit Digital, Inc."
BTRS,BTRS Holdings Inc.
BTU,Peabody Energy Corporation
BTX,BlackRock Technology and Private Equity Term Trust
BUR,Burford Capital Limited
BW,"Babcock & Wilcox Enterprises, Inc."
BWA,BorgWarner Inc.
BWXT,"BWX Technologies, Inc."
BXMT,"Blackstone Mortgage Trust, Inc."
BXS,BancorpSouth Bank
BYD,Boyd Gaming Corporation
BYND,"Beyond Meat, Inc."
CABA,"Cabaletta Bio, Inc."
CADE,Cadence Bank
CADL,"Candel Therapeutics, Inc."
CAKE,The Cheesecake Factory Incorporated
CAL,"Caleres, Inc."
CALM,"Cal-Maine Foods, Inc."
CALX,"Calix, Inc."
CANO,"Cano Health, Inc."
CAPR,"Capricor Therapeutics, Inc."
CAR,"Avis Budget Group, Inc."
CARG,"CarGurus, Inc."
CARM,"Carisma Therapeutics, Inc."
CARS,Cars.com Inc.
CASA,"Casa Systems, Inc."
CATB,"Catabasis Pharmaceuticals, Inc."
CATM,Cardtronics plc
CATX,"Perspective Therapeutics, Inc."
CBAY,"CymaBay Therapeutics, Inc."
CBB,Cincinnati Bell Inc.
CBL,"CBL & Associates Properties, Inc."
CBRL,"Cracker Barrel Old Country Store, Inc."
CC,The Chemours Company
CCCC,"C4 Therapeutics, Inc."
CCCS,CCC Intelligent Solutions Holdings Inc.
CCO,"Clear Channel Outdoor Holdings, Inc."
CCXI,"ChemoCentryx, Inc."
CDE,"Coeur Mining, Inc."
CDEV,Permian Resources Corporation
CDK,"CDK Global, Inc."
CDLX,"Cardlytics, Inc."
CDMO,"Avid Bioservices, Inc."
CDNA,"CareDx, Inc"
CDT,CDT Equity Inc.
CDXS,"Codexis, Inc."
CEIX,CONSOL Energy Inc.
CELH,"Celsius Holdings, Inc."
CELU,Celularity Inc.
CENN,Cenntro Electric Group Limited
CENX,Century Aluminum Company
CERE,"Cerevel Therapeutics Holdings, Inc."
CERS,Cerus Corporation
CERT,"Certara, Inc."
CFFN,"Capitol Federal Financial, Inc."
CFLT,"Confluent, Inc."
CFRX,ContraFect Corporation
CFX,Colfax Corporation
CGNX,Cognex Corporation
CHGG,"Chegg, Inc."
CHK,Chesapeake Energy Corporation
CHMA,"Chiasma, Inc."
CHNG,Change Healthcare Inc.
CHRS,"Coherus Oncology, Inc."
CHS,"Chico's FAS, Inc."
CHX,ChampionX Corporation
CIEN,Ciena Corporation
CIFR,Cipher Mining Inc.
CIM,Chimera Investment Corporation
CISO,CISO Global Inc.
CIT,CIT Group Inc.
CIVI,"Civitas Resources, Inc."
CKPT,"Checkpoint Therapeutics, Inc."
CLB,Core Laboratories N.V.
CLDR,"Cloudera, Inc."
CLDX,"Celldex Therapeutics, Inc."
CLF,Cleveland-Cliffs Inc.
CLI,Mack-Cali Realty Corporation
CLNE,Clean Energy Fuels Corp.
CLNY,"Colony Capital, Inc."
CLOV,"Clover Health Investments, Corp."
CLSK,"CleanSpark, Inc."
CLVS,"Clovis Oncology, Inc."
CLVT,Clarivate Plc
CMA,Comerica Incorporated
CMAX,"CareMax, Inc."
CMC,Commercial Metals Company
CMO,Capstead Mortgage Corporation
CMRE,Costamare Inc.
CMRX,"Chimerix, Inc."
CNDT,Conduent Incorporated
CNK,"Cinemark Holdings, Inc."
CNM,"Core & Main, Inc."
CNO,"CNO Financial Group, Inc."
CNR,"Core Natural Resources, Inc."
CNSL,"Consolidated Communications Holdings, Inc."
CNX,CNX Resources Corporation
COCO,"The Vita Coco Company, Inc."
CODX,"Co-Diagnostics, Inc."
COG,Cabot Oil & Gas Corporation
COGT,"Cogent Biosciences, Inc."
COHR,"Coherent, Inc."
COLB,"Columbia Banking System, Inc."
COLD,"Americold Realty Trust, Inc."
COMM,"CommScope Holding Company, Inc."
COMP,"Compass, Inc."
CONE,CyrusOne Inc.
COOK,"Traeger, Inc."
COOP,Mr. Cooper Group Inc.
CORT,Corcept Therapeutics Incorporated
CORZ,"Core Scientific, Inc."
COTY,Coty Inc.
COUR,"Coursera, Inc."
CPE,Callon Petroleum Company
CPRI,Capri Holdings Limited
CPRX,"Catalyst Pharmaceuticals, Inc."
CRBP,"Corbus Pharmaceuticals Holdings, Inc."
CRBU,"Caribou Biosciences, Inc."
CRC,California Resources Corporation
CRDF,"Cardiff Oncology, Inc."
CRDO,Credo Technology Group Holding Ltd
CREE,"Wolfspeed, Inc."
CRGE,"Charge Enterprises, Inc."
CRGY,Crescent Energy Company
CRI,"Carter's, Inc."
CRIS,"Curis, Inc."
CRK,"Comstock Resources, Inc."
CRMD,CorMedix Inc.
CRML,Critical Metals Corp.
CRNC,Cerence Inc.
CROX,"Crocs, Inc."
CRSR,"Corsair Gaming, Inc."
CRUS,"Cirrus Logic, Inc."
CSLT,"Castlight Health, Inc."
CSOD,"Cornerstone OnDemand, Inc."
CSPR,Casper Sleep Inc.
CSTM,Constellium SE
CTIC,CTI BioPharma Corp.
CTKB,"Cytek Biosciences, Inc."
CTMX,"CytomX Therapeutics, Inc."
CTRE,"CareTrust REIT, Inc."
CTRI,"Centuri Holdings, Inc."
CTXR,"Citius Pharmaceuticals, Inc."
CUBE,CubeSmart
CUZ,Cousins Properties Incorporated
CVA,Covanta Holding Corporation
CVAC,CureVac N.V.
CVBF,CVB Financial Corp.
CVET,"Covetrus, Inc."
CVI,"CVR Energy, Inc."
CVM,CEL-SCI Corporation
CVT,Cvent Holding Corp.
CWAN,"Clearwater Analytics Holdings, Inc."
CWEN,"Clearway Energy, Inc."
CWH,"Camping World Holdings, Inc."
CWK,Cushman & Wakefield plc
CXAI,CXApp Inc.
CXM,"Sprinklr, Inc."
CXP,"Columbia Property Trust, Inc."
CXW,"CoreCivic, Inc."
CYH,"Community Health Systems, Inc."
CYTK,"Cytokinetics, Incorporated"
CYXT,"Cyxtera Technologies, Inc."
DAN,Dana Incorporated
DAR,Darling Ingredients Inc.
DAVE,Dave Inc.
DAWN,"Day One Biopharmaceuticals, Inc."
DBD,"Diebold Nixdorf, Incorporated"
DBI,Designer Brands Inc.
DBRG,"DigitalBridge Group, Inc."
DBX,"Dropbox, Inc."
DCGO,DocGo Inc.
DCPH,"Deciphera Pharmaceuticals, Inc."
DCT,"Duck Creek Technologies, Inc."
DDD,3D Systems Corporation
DEA,"Easterly Government Properties, Inc."
DEI,"Douglas Emmett, Inc."
DEN,Denbury Inc.
DENN,Denny's Corporation
DESP,"Despegar.com, Corp."
DFLI,Dragonfly Energy Holdings Corp.
DH,Definitive Healthcare Corp.
DHC,Diversified Healthcare Trust
DHT,"DHT Holdings, Inc."
DICE,"DICE Therapeutics, Inc."
DINO,HF Sinclair Corporation
DJT,Trump Media & Technology Group Corp.
DK,"Delek US Holdings, Inc."
DM,"Desktop Metal, Inc."
DMTK,"DermTech, Inc."
DNB,"Dun & Bradstreet Holdings, Inc."
DNLI,Denali Therapeutics Inc.
DNOW,Dnow Inc.
DNUT,"Krispy Kreme, Inc."
DO,"Diamond Offshore Drilling, Inc."
DOC,"Healthpeak Properties, Inc."
DOCN,"DigitalOcean Holdings, Inc."
DOCS,"Doximity, Inc."
DOLE,Dole plc
DOMA,Doma Holdings Inc.
DOMO,"Domo, Inc."
DOUG,Douglas Elliman Inc.
DOX,Amdocs Limited
DRH,DiamondRock Hospitality Company
DRNA,"Dicerna Pharmaceuticals, Inc."
DRRX,DURECT Corporation
DRS,"Leonardo DRS, Inc."
DRVN,Driven Brands Holdings Inc.
DSEY,"Diversey Holdings, Ltd."
DTC,"Solo Brands, Inc."
DTIL,"Precision BioSciences, Inc."
DTM,"DT Midstream, Inc."
DUOL,"Duolingo, Inc."
DV,"DoubleVerify Holdings, Inc."
DVAX,Dynavax Technologies Corporation
DX,"Dynex Capital, Inc."
DXC,DXC Technology Company
DXLG,"Destination XL Group, Inc."
DYN,"Dyne Therapeutics, Inc."
EAF,GrafTech International Ltd.
EAR,"Eargo, Inc."
EAT,"Brinker International, Inc."
EB,"Eventbrite, Inc."
EBC,"Eastern Bankshares, Inc."
EBS,Emergent BioSolutions Inc.
ECVT,Ecovyst Inc.
EDIT,"Editas Medicine, Inc."
EFC,Ellington Financial Inc.
EGHT,"8x8, Inc."
EGY,"VAALCO Energy, Inc."
EHC,Encompass Health Corporation
EHTH,"eHealth, Inc."
ELAN,Elanco Animal Health Incorporated
ELF,"e.l.f. Beauty, Inc."
ELY,Callaway Golf Company
EMBC,Embecta Corp.
ENDP,Endo International plc
ENOV,Enovis Corporation
ENR,"Energizer Holdings, Inc."
ENVX,Enovix Corporation
EOLS,"Evolus, Inc."
EOSE,"Eos Energy Enterprises, Inc."
EPC,Edgewell Personal Care Company
EPR,EPR Properties
EPRT,"Essential Properties Realty Trust, Inc."
EPZM,"Epizyme, Inc."
EQC,Equity Commonwealth
EQRX,"EQRx, Inc."
ERAS,"Erasca, Inc."
ESI,Element Solutions Inc
ESMT,"EngageSmart, Inc."
ESNT,Essent Group Ltd.
ESPR,"Esperion Therapeutics, Inc."
ESRT,"Empire State Realty Trust, Inc."
ESTC,Elastic N.V.
ESTE,"Earthstone Energy, Inc."
ETH,Grayscale Ethereum Mini Trust
ETNB,"89bio, Inc."
ETRN,Equitrans Midstream Corporation
ETWO,"E2open Parent Holdings, Inc."
EU,enCore Energy Corp.
EVA,Enviva Inc.
EVBG,"Everbridge, Inc."
EVGO,"EVgo, Inc."
EVH,"Evolent Health, Inc."
EVLV,"Evolv Technologies Holdings, Inc."
EVRI,Everi Holdings Inc.
EWBC,"East West Bancorp, Inc."
EWCZ,"European Wax Center, Inc."
EWTX,"Edgewise Therapeutics, Inc."
EXEL,"Exelixis, Inc."
EXFY,"Expensify, Inc."
EXPI,"eXp World Holdings, Inc."
EXPR,"Express, Inc."
EXTR,"Extreme Networks, Inc."
EYE,"National Vision Holdings, Inc."
EYEN,"Eyenovia, Inc."
EYPT,"EyePoint Pharmaceuticals, Inc."
EZPW,"EZCORP, Inc."
FA,First Advantage Corporation
FAF,First American Financial Corporation
FATE,"Fate Therapeutics, Inc."
FBIO,"Fortress Biotech, Inc."
FBP,First BanCorp.
FCF,First Commonwealth Financial Corporation
FCUV,Focus Universal Inc.
FDMT,"4D Molecular Therapeutics, Inc."
FET,"Forum Energy Technologies, Inc."
FEYE,"Mandiant, Inc."
FFIE,Faraday Future Intelligent Electric Inc.
FHB,"First Hawaiian, Inc."
FHI,"Federated Hermes, Inc."
FHN,First Horizon Corporation
FIGS,"FIGS, Inc."
FIP,FTAI Infrastructure Inc.
FIVE,"Five Below, Inc."
FIVN,"Five9, Inc."
FL,"Foot Locker, Inc."
FLDM,Standard BioTools Inc.
FLNC,"Fluence Energy, Inc."
FLO,"Flowers Foods, Inc."
FLR,Fluor Corporation
FLS,Flowserve Corporation
FLWS,"1-800-FLOWERS.COM, Inc."
FLXN,Horizon Flexible Income ETF
FLYW,Flywire Corporation
FMBI,"First Midwest Bancorp, Inc."
FNA,"Paragon 28, Inc."
FNB,F.N.B. Corporation
FND,"Floor & Decor Holdings, Inc."
FNKO,"Funko, Inc."
FOE,Ferro Corporation
FOLD,"Amicus Therapeutics, Inc."
FORM,"FormFactor, Inc."
FOSL,"Fossil Group, Inc."
FOUR,"Shift4 Payments, Inc."
FR,"First Industrial Realty Trust, Inc."
FREY,FREYR Battery
FRGE,"Forge Global Holdings, Inc."
FRO,Frontline Ltd.
FROG,JFrog Ltd.
FRPT,"Freshpet, Inc."
FRSH,Freshworks Inc.
FRT,Federal Realty Investment Trust
FSLY,"Fastly, Inc."
FSP,Franklin Street Properties Corp.
FSR,Fisker Inc.
FTAI,FTAI Aviation Ltd.
FTCI,"FTC Solar, Inc."
FTDR,"Frontdoor, Inc."
FTI,TechnipFMC plc
FTSI,"FTS International, Inc."
FUBO,fuboTV Inc.
FULC,"Fulcrum Therapeutics, Inc."
FULT,Fulton Financial Corporation
FUV,"Arcimoto, Inc."
FYBR,"Frontier Communications Parent, Inc."
G,Genpact Limited
GAN,GAN Limited
GATO,"Gatos Silver, Inc."
GBOX,GreenBox POS
GBT,"Global Blood Therapeutics, Inc."
GCI,"Gannett Co., Inc."
GCT,GigaCloud Technology Inc.
GDOT,Green Dot Corporation
GEO,"The GEO Group, Inc."
GERN,Geron Corporation
GES,"Guess', Inc."
GETY,"Getty Images Holdings, Inc."
GEVO,"Gevo, Inc."
GH,"Guardant Health, Inc."
GIII,"G-III Apparel Group, Ltd."
GKOS,Glaukos Corporation
GL,Globe Life Inc.
GLNG,Golar LNG Limited
GLYC,"GlycoMimetics, Inc."
GME,GameStop Corp.
GMED,"Globus Medical, Inc."
GMGI,"Golden Matrix Group, Inc."
GNK,Genco Shipping & Trading Limited
GNL,"Global Net Lease, Inc."
GNOG,"Golden Nugget Online Gaming, Inc."
GNTX,Gentex Corporation
GNUS,"Genius Brands International, Inc."
GNW,"Genworth Financial, Inc."
GO,Grocery Outlet Holding Corp.
GOCO,"GoHealth, Inc."
GOGL,Golden Ocean Group Limited
GOGO,Gogo Inc.
GORO,Gold Resource Corporation
GOSS,"Gossamer Bio, Inc."
GPK,Graphic Packaging Holding Company
GPMT,Granite Point Mortgage Trust Inc.
GPOR,Gulfport Energy Corporation
GPRE,Green Plains Inc.
GPRO,"GoPro, Inc."
GPS,"The Gap, Inc."
GRA,W. R. Grace & Co.
GREE,Greenidge Generation Holdings Inc.
GRND,Grindr Inc.
GRPH,"Graphite Bio, Inc."
GRPN,"Groupon, Inc."
GRTS,"Gritstone bio, Inc."
GRUB,Just Eat Takeaway.com N.V.
GRWG,GrowGeneration Corp.
GSAT,"Globalstar, Inc."
GSKY,"GreenSky, Inc."
GT,The Goodyear Tire & Rubber Company
GTES,Gates Industrial Corporation plc
GTHX,"G1 Therapeutics, Inc."
GTLB,GitLab Inc.
GTLS,"Chart Industries, Inc."
GTN,"Gray Media, Inc."
GTT,"GTT Communications, Inc."
GWH,"ESS Tech, Inc."
GWRE,"Guidewire Software, Inc."
GXO,"GXO Logistics, Inc."
HA,"Hawaiian Holdings, Inc."
HAE,Haemonetics Corporation
HAIN,"The Hain Celestial Group, Inc."
HALO,"Halozyme Therapeutics, Inc."
HASI,"HA Sustainable Infrastructure Capital, Inc."
HAYW,"Hayward Holdings, Inc."
HBI,Hanesbrands Inc.
HBIO,"Harvard Bioscience, Inc."
HCAT,"Health Catalyst, Inc."
HCC,"Warrior Met Coal, Inc."
HCP,"HashiCorp, Inc."
HCSG,"Healthcare Services Group, Inc."
HDSN,"Hudson Technologies, Inc."
HE,"Hawaiian Electric Industries, Inc."
HEAR,Turtle Beach Corporation
HFC,HF Sinclair Corporation
HGEN,"Humanigen, Inc."
HGV,Hilton Grand Vacations Inc.
HIMS,"Hims & Hers Health, Inc."
HIPO,Hippo Holdings Inc.
HIW,"Highwoods Properties, Inc."
HL,Hecla Mining Company
HLF,Herbalife Nutrition Ltd.
HLGN,"Heliogen, Inc."
HLIT,Harmonic Inc.
HLLY,Holley Inc.
HLMN,Hillman Solutions Corp.
HLTH,Cue Health Inc.
HLX,"Helix Energy Solutions Group, Inc."
HMHC,Houghton Mifflin Harcourt Company
HNST,"The Honest Company, Inc."
HOFV,Hall of Fame Resort & Entertainment Company
HOG,"Harley-Davidson, Inc."
HOMB,"Home Bancshares, Inc."
HOME,At Home Group Inc.
HOOK,HOOKIPA Pharma Inc.
HOPE,"Hope Bancorp, Inc."
HOUS,Anywhere Real Estate Inc.
HP,"Helmerich & Payne, Inc."
HPP,"Hudson Pacific Properties, Inc."
HQY,"HealthEquity, Inc."
HR,Healthcare Realty Trust Incorporated
HRB,"H&R Block, Inc."
HRC,"Hill-Rom Holdings, Inc."
HRTX,"Heron Therapeutics, Inc."
HSC,Harsco Corporation
HSIC,"Henry Schein, Inc."
HTA,"Healthcare Trust of America, Inc."
HTZ,"Hertz Global Holdings, Inc."
HUMA,"Humacyte, Inc."
HUN,Huntsman Corporation
HUT,Hut 8 Corp.
HWC,Hancock Whitney Corporation
HXL,Hexcel Corporation
HYLN,Hyliion Holdings Corp.
HYMC,Hycroft Mining Holding Corporation
IAA,"IAA, Inc."
IAC,IAC InterActive Corp.
IART,Integra LifeSciences Holdings Corporation
IAS,Integral Ad Science Holding Corp.
IAUX,i-80 Gold Corp.
IBIO,"iBio, Inc."
IBRX,"ImmunityBio, Inc."
ICPT,"Intercept Pharmaceuticals, Inc."
IDEX,"Ideanomics, Inc."
IGT,International Game Technology PLC
IHRT,"iHeartMedia, Inc."
ILPT,Industrial Logistics Properties Trust
IMAX,IMAX Corporation
IMGN,"ImmunoGen, Inc."
IMMR,Immersion Corporation
IMRX,Immuneering Corporation
IMUX,"Immunic, Inc."
IMVT,"Immunovant, Inc."
INDI,"indie Semiconductor, Inc."
INFA,Informatica Inc.
INFI,"Infinity Pharmaceuticals, Inc."
INFN,Infinera Corporation
INMD,InMode Ltd.
INN,"Summit Hotel Properties, Inc."
INSG,Inseego Corp.
INSM,Insmed Incorporated
INVA,"Innoviva, Inc."
IONQ,"IonQ, Inc."
IONS,"Ionis Pharmaceuticals, Inc."
IOVA,"Iovance Biotherapeutics, Inc."
IRBT,iRobot Corporation
IRDM,Iridium Communications Inc.
IRNT,"IronNet, Inc."
IRT,"Independence Realty Trust, Inc."
IRWD,"Ironwood Pharmaceuticals, Inc."
ISBC,"Investors Bancorp, Inc."
ISEE,"IVERIC bio, Inc."
ITCI,"Intra-Cellular Therapies, Inc."
IVC,Invacare Corporation
IVR,Invesco Mortgage Capital Inc.
IVVD,"Invivyd, Inc."
IVZ,Invesco Ltd.
JACK,Jack in the Box Inc.
JAMF,Jamf Holding Corp.
JAZZ,Jazz Pharmaceuticals plc
JBGS,JBG SMITH Properties
JBI,"Janus International Group, Inc."
JBLU,JetBlue Airways Corporation
JEF,Jefferies Financial Group Inc.
JELD,"JELD-WEN Holding, Inc."
JHG,Janus Henderson Group plc
JNCE,"Jounce Therapeutics, Inc."
JNPR,"Juniper Networks, Inc."
JOBY,"Joby Aviation, Inc."
JSPR,"Jasper Therapeutics, Inc."
JWN,"Nordstrom, Inc."
JXN,Jackson Financial Inc.
KALA,"KALA BIO, Inc."
KAR,"OPENLANE, Inc."
KBH,KB Home
KBR,"KBR, Inc."
KD,"Kyndryl Holdings, Inc."
KDMN,"Kadmon Holdings, Inc."
KIND,"Nextdoor Holdings, Inc."
KLIC,"Kulicke and Soffa Industries, Inc."
KMPH,"KemPharm, Inc."
KMT,Kennametal Inc.
KN,Knowles Corporation
KNBE,"KnowBe4, Inc."
KNX,Knight-Swift Transportation Holdings Inc.
KODK,Eastman Kodak Company
KOPN,Kopin Corporation
KOS,Kosmos Energy Ltd.
KPTI,Karyopharm Therapeutics Inc.
KRC,Kilroy Realty Corporation
KRG,Kite Realty Group Trust
KSS,Kohl's Corporation
KTB,"Kontoor Brands, Inc."
KTOS,"Kratos Defense & Security Solutions, Inc."
KURA,"Kura Oncology, Inc."
KW,"Kennedy-Wilson Holdings, Inc."
KYMR,"Kymera Therapeutics, Inc."
LAB,Standard BioTools Inc.
LADR,Ladder Capital Corp
LAUR,"Laureate Education, Inc."
LAZ,Lazard Ltd
LAZR,"Luminar Technologies, Inc."
LB,LandBridge Company LLC
LBRT,Liberty Energy Inc.
LBTYA,Liberty Global plc
LBTYK,Liberty Global plc
LC,LendingClub Corporation
LCI,"Lannett Company, Inc."
LCTX,"Lineage Cell Therapeutics, Inc."
LEA,Lear Corporation
LEG,"Leggett & Platt, Incorporated"
LESL,"Leslie's, Inc."
LFMD,"LifeMD, Inc."
LFST,"LifeStance Health Group, Inc."
LICY,Li-Cycle Holdings Corp.
LILAK,Liberty Latin America Ltd.
LITE,Lumentum Holdings Inc.
LJPC,La Jolla Pharmaceutical Company
LL,"LL Flooring Holdings, Inc."
LLAP,Terran Orbital Corporation
LLNW,"Limelight Networks, Inc."
LMND,"Lemonade, Inc."
LNC,Lincoln National Corporation
LNTH,"Lantheus Holdings, Inc."
LNW,"Light & Wonder, Inc."
LNZA,"LanzaTech Global, Inc."
LOAR,Loar Holdings Inc.
LOTZ,"CarLotz, Inc."
LPG,Dorian LPG Ltd.
LPI,"Laredo Petroleum, Inc."
LPRO,Open Lending Corporation
LPSN,"LivePerson, Inc."
LPTV,"Loop Media, Inc."
LPX,Louisiana-Pacific Corporation
LQDA,Liquidia Corporation
LRN,"Stride, Inc."
LSCC,Lattice Semiconductor Corporation
LSI,"Life Storage, Inc."
LTCH,"Latch, Inc."
LTH,"Life Time Group Holdings, Inc."
LTHM,Livent Corporation
LTRPA,"Liberty TripAdvisor Holdings, Inc."
LUMN,"Lumen Technologies, Inc."
LUNR,"Intuitive Machines, Inc."
LWLG,"Lightwave Logic, Inc."
LXP,LXP Industrial Trust
LXRX,"Lexicon Pharmaceuticals, Inc."
LYFT,"Lyft, Inc."
LYLT,Loyalty Ventures Inc.
LYRA,"Lyra Therapeutics, Inc."
LZ,"LegalZoom.com, Inc."
M,"Macy's, Inc."
MAC,The Macerich Company
MAN,ManpowerGroup Inc.
MAPS,"WM Technology, Inc."
MARA,"Marathon Digital Holdings, Inc."
MASI,Masimo Corporation
MAT,"Mattel, Inc."
MAXN,"Maxeon Solar Technologies, Ltd."
MAXR,Maxar Technologies Inc.
MBI,MBIA Inc.
MBIO,"Mustang Bio, Inc."
MC,Moelis & Company
MCF,Contango Oil & Gas Company
MCFE,McAfee Corp.
MCRB,"Seres Therapeutics, Inc."
MCW,"Mister Car Wash, Inc."
MD,"Pediatrix Medical Group, Inc."
MDC,"M.D.C. Holdings, Inc."
MDLA,"Medallia, Inc."
MDP,Meredith Corporation
MDRX,Veradigm Inc.
MDU,"MDU Resources Group, Inc."
MDXG,"MiMedx Group, Inc."
ME,23andMe Holding Co.
MEIP,"MEI Pharma, Inc."
MESA,"Mesa Air Group, Inc."
MFA,"MFA Financial, Inc."
MGI,"MoneyGram International, Inc."
MGNI,"Magnite, Inc."
MGNX,"MacroGenics, Inc."
MGX,"Metagenomi, Inc. Common Stock"
MGY,Magnolia Oil & Gas Corporation
MHK,"Mohawk Industries, Inc."
MIC,"Macquarie Infrastructure Holdings, LLC"
MIDD,The Middleby Corporation
MILE,"Metromile, Inc."
MIME,Mimecast Limited
MIR,"Mirion Technologies, Inc."
MITT,"AG Mortgage Investment Trust, Inc."
MKFG,Markforged Holding Corporation
MKSI,MKS Inc.
ML,MoneyLion Inc.
MLHR,"MillerKnoll, Inc."
MLKN,"MillerKnoll, Inc."
MNDT,"Mandiant, Inc."
MNKD,MannKind Corporation
MNMD,Mind Medicine (MindMed) Inc.
MNTV,Momentive Global Inc.
MOBL,"MobileIron, Inc."
MP,MP Materials Corp.
MPLN,MultiPlan Corporation
MPW,"Medical Properties Trust, Inc."
MQ,"Marqeta, Inc."
MRC,MRC Global Inc.
MRNS,"Marinus Pharmaceuticals, Inc."
MRSN,"Mersana Therapeutics, Inc."
MRTX,"Mirati Therapeutics, Inc."
MRVI,"Maravai LifeSciences Holdings, Inc."
MSGN,MSG Networks Inc.
MTDR,Matador Resources Company
MTG,MGIC Investment Corporation
MTOR,"Meritor, Inc."
MTSI,"MACOM Technology Solutions Holdings, Inc."
MTTR,"Matterport, Inc."
MTZ,"MasTec, Inc."
MUR,Murphy Oil Corporation
MVIS,"MicroVision, Inc."
MVST,"Microvast Holdings, Inc."
MWA,"Mueller Water Products, Inc."
MXCT,"MaxCyte, Inc."
MXL,"MaxLinear, Inc."
MYGN,"Myriad Genetics, Inc."
NABL,"N-able, Inc."
NAPA,"The Duckhorn Portfolio, Inc."
NARI,"Inari Medical, Inc."
NAT,Nordic American Tankers Limited
NATI,National Instruments Corporation
NAV,Navistar International Corporation
NAVI,Navient Corporation
NB,NioCorp Developments Ltd.
NBEV,"NewAge, Inc."
NBR,Nabors Industries Ltd.
NCLH,Norwegian Cruise Line Holdings Ltd.
NCMI,"National CineMedia, Inc."
NCNO,"nCino, Inc."
NCR,NCR Corporation
NE,Noble Corporation Plc
NEO,"NeoGenomics, Inc."
NEOG,Neogen Corporation
NEWR,"New Relic, Inc."
NEX,NexTier Oilfield Solutions Inc.
NEXT,NextDecade Corporation
NFE,New Fortress Energy Inc.
NFG,National Fuel Gas Company
NG,NovaGold Resources Inc.
NJR,New Jersey Resources Corporation
NKTR,Nektar Therapeutics
NKTX,"Nkarta, Inc."
NLS,"Nautilus, Inc."
NLSN,Nielsen Holdings plc
NMIH,"NMI Holdings, Inc."
NMRK,"Newmark Group, Inc."
NMTR,"9 Meters Biopharma, Inc."
NN,NextNav Inc.
NNN,"NNN REIT, Inc."
NNOX,Nano-X Imaging Ltd.
NOG,"Northern Oil and Gas, Inc."
NOTE,"FiscalNote Holdings, Inc."
NOV,NOV Inc.
NOVA,Sunnova Energy International Inc.
NPTN,NeoPhotonics Corporation
NPWR,NET Power Inc.
NR,"Newpark Resources, Inc."
NRBO,"NeuroBo Pharmaceuticals, Inc."
NRDY,"Nerdy, Inc."
NRGV,"Energy Vault Holdings, Inc."
NRIX,"Nurix Therapeutics, Inc."
NRZ,New Residential Investment Corp.
NSA,National Storage Affiliates Trust
NSTG,"NanoString Technologies, Inc."
NTCT,"NetScout Systems, Inc."
NTLA,"Intellia Therapeutics, Inc."
NTNX,"Nutanix, Inc."
NTRA,"Natera, Inc."
NTST,NETSTREIT Corp.
NUS,"Nu Skin Enterprises, Inc."
NUTX,"Nutex Health, Inc."
NUVA,"NuVasive, Inc."
NUVB,Nuvation Bio Inc.
NVAX,"Novavax, Inc."
NVCR,NovoCure Limited
NVRO,Nevro Corp.
NVST,Envista Holdings Corp
NVT,nVent Electric plc
NVTA,Invitae Corporation
NVTS,Navitas Semiconductor Corporation
NWBI,"Northwest Bancshares, Inc."
NWL,Newell Brands Inc.
NYCB,"New York Community Bancorp, Inc."
NYMT,"New York Mortgage Trust, Inc."
NYT,The New York Times Company
OAS,Oasis Petroleum Inc.
OCDX,Ortho Clinical Diagnostics Holdings plc
OCEA,"Ocean Biomedical, Inc."
OCGN,"Ocugen, Inc."
OCUL,"Ocular Therapeutix, Inc."
ODP,The ODP Corporation
OFC,Corporate Office Properties Trust
OGE,OGE Energy Corp.
OGN,Organon & Co.
OHI,"Omega Healthcare Investors, Inc."
OI,"O-I Glass, Inc."
OII,"Oceaneering International, Inc."
OIS,"Oil States International, Inc."
OLED,Universal Display Corporation
OLLI,"Ollie's Bargain Outlet Holdings, Inc."
OLMA,"Olema Pharmaceuticals, Inc."
OLN,Olin Corporation
OLO,Olo Inc.
OLPX,"Olaplex Holdings, Inc."
OM,"Outset Medical, Inc."
OMER,Omeros Corporation
OMF,"OneMain Holdings, Inc."
OMGA,"Omega Therapeutics, Inc."
OMI,"Owens & Minor, Inc."
ONB,Old National Bancorp
ONCR,"Oncorus, Inc."
ONCT,"Oncternal Therapeutics, Inc."
ONDS,Ondas Holdings Inc.
ONEM,"1Life Healthcare, Inc."
ONL,Orion Properties Inc.
OPAD,Offerpad Solutions Inc.
OPCH,"Option Care Health, Inc."
OPEN,Opendoor Technologies Inc.
OPI,Office Properties Income Trust
OPK,"OPKO Health, Inc."
ORBC,ORBCOMM Inc.
ORC,"Orchid Island Capital, Inc."
ORGN,"Origin Materials, Inc."
ORGO,Organogenesis Holdings Inc.
ORI,Old Republic International Corporation
OSCR,"Oscar Health, Inc."
OSH,"Oak Street Health, Inc."
OSK,Oshkosh Corporation
OSTK,"Overstock.com, Inc."
OSUR,"OraSure Technologies, Inc."
OSW,OneSpaWorld Holdings Limited
OTLK,"Outlook Therapeutics, Inc."
OTRK,"Ontrak, Inc."
OUST,"Ouster, Inc."
OUT,Outfront Media Inc.
OVID,Ovid Therapeutics Inc.
OVV,Ovintiv Inc.
OWL,Blue Owl Capital Inc.
OZK,Bank OZK
PACB,"Pacific Biosciences of California, Inc."
PACS,"PACS Group, Inc."
PACW,PacWest Bancorp
PAE,PAE Incorporated
PAGS,PagSeguro Digital Ltd.
PARR,"Par Pacific Holdings, Inc."
PAVM,PAVmed Inc.
PAYA,Paya Holdings Inc.
PAYO,Payoneer Global Inc.
PB,"Prosperity Bancshares, Inc."
PBCT,"People's United Financial, Inc."
PBF,PBF Energy Inc.
PBI,Pitney Bowes Inc.
PBYI,"Puma Biotechnology, Inc."
PCOR,"Procore Technologies, Inc."
PCRX,"Pacira BioSciences, Inc."
PCT,"PureCycle Technologies, Inc."
PCVX,"Vaxcyte, Inc."
PD,"PagerDuty, Inc."
PDCE,"PDC Energy, Inc."
PDCO,"Patterson Companies, Inc."
PDM,"Piedmont Office Realty Trust, Inc."
PDSB,PDS Biotechnology Corporation
PEAK,"Healthpeak Properties, Inc."
PEB,Pebblebrook Hotel Trust
PECO,"Phillips Edison & Company, Inc."
PENN,"PENN Entertainment, Inc."
PFGC,Performance Food Group Company
PFPT,"Proofpoint, Inc."
PGEN,"Precigen, Inc."
PGNY,"Progyny, Inc."
PGRE,"Paramount Group, Inc."
PGY,Pagaya Technologies Ltd.
PII,Polaris Inc.
PINC,"Premier, Inc."
PING,Ping Identity Holding Corp.
PIRS,"Pieris Pharmaceuticals, Inc."
PK,Park Hotels & Resorts Inc.
PL,Planet Labs PBC
PLAB,"Photronics, Inc."
PLAN,"Anaplan, Inc."
PLAY,"Dave & Buster's Entertainment, Inc."
PLBY,"Playboy, Inc."
PLCE,"The Children's Place, Inc."
PLM,PolyMet Mining Corp.
PLNT,"Planet Fitness, Inc."
PLRX,"Pliant Therapeutics, Inc."
PLTK,Playtika Holding Corp.
PLUG,Plug Power Inc.
PLX,"Protalix BioTherapeutics, Inc."
PMT,PennyMac Mortgage Investment Trust
PMVP,"PMV Pharmaceuticals, Inc."
PNM,"PNM Resources, Inc."
PNT,POINT Biopharma Global Inc.
PNW,Pinnacle West Capital Corporation
POL,Polished.com Inc.
POLY,"Plantronics, Inc."
POR,Portland General Electric Company
POSH,"Poshmark, Inc."
POST,"Post Holdings, Inc."
POWW,Outdoor Holding Company
PPC,Pilgrim's Pride Corporation
PRAX,"Praxis Precision Medicines, Inc."
PRCH,"Porch Group, Inc."
PRCT,PROCEPT BioRobotics Corporation
PRG,"PROG Holdings, Inc."
PRGO,Perrigo Company plc
PRM,"Perimeter Solutions, S.A."
PRMW,Primo Water Corporation
PROK,ProKidney Corp.
PRPL,"Purple Innovation, Inc."
PRST,"Presto Automation, Inc."
PRTK,"Paratek Pharmaceuticals, Inc."
PRTS,"CarParts.com, Inc."
PRTY,Party City Holdco Inc.
PRVA,"Privia Health Group, Inc."
PRVB,"Provention Bio, Inc."
PSFE,Paysafe Limited
PSN,Parsons Corporation
PSNL,"Personalis, Inc."
PSTG,"Pure Storage, Inc."
PSTX,"Poseida Therapeutics, Inc."
PTCT,"PTC Therapeutics, Inc."
PTEN,"Patterson-UTI Energy, Inc."
PTGX,"Protagonist Therapeutics, Inc."
PTLO,Portillo's Inc.
PTRA,Proterra Inc.
PUBM,"PubMatic, Inc."
PUMP,ProPetro Holding Corp.
PVH,PVH Corp.
PWP,Perella Weinberg Partners
PWSC,"PowerSchool Holdings, Inc."
PX,"P10, Inc."
PYCR,"Paycor HCM, Inc."
PYXS,"Pyxis Oncology, Inc."
PZZA,"Papa John's International, Inc."
QBTS,D-Wave Quantum Inc.
QDEL,QuidelOrtho Corporation
QMCO,Quantum Corporation
QRTEA,"Qurate Retail, Inc."
QS,QuantumScape Corporation
QSI,Quantum-Si incorporated
QTNT,Quotient Limited
QTS,"QTS Realty Trust, Inc."
QTWO,"Q2 Holdings, Inc."
QUOT,Quotient Technology Inc.
RAD,Rite Aid Corporation
RADI,"Radius Global Infrastructure, Inc."
RAMP,"LiveRamp Holdings, Inc."
RAPT,"RAPT Therapeutics, Inc."
RARE,Ultragenyx Pharmaceutical Inc.
RC,Ready Capital Corporation
RCII,"Rent-A-Center, Inc."
RCKT,"Rocket Pharmaceuticals, Inc."
RCM,R1 RCM Inc.
RCUS,"Arcus Biosciences, Inc."
RDFN,Redfin Corporation
RDN,Radian Group Inc.
RDUS,"Radius Recycling, Inc."
RDW,Redwire Corporation
REAL,"The RealReal, Inc."
REGI,"Renewable Energy Group, Inc."
REI,"Ring Energy, Inc."
REKR,"Rekor Systems, Inc."
RELY,"Remitly Global, Inc."
RENB,Lunai Bioworks Inc.
RENT,"Rent the Runway, Inc."
REPL,"Replimune Group, Inc."
RES,"RPC, Inc."
RESN,Resonant Inc.
REV,"Revlon, Inc."
REXR,"Rexford Industrial Realty, Inc."
REYN,Reynolds Consumer Products Inc.
REZI,"Resideo Technologies, Inc."
RFP,Resolute Forest Products Inc.
RGEN,Repligen Corporation
RGLS,Regulus Therapeutics Inc.
RGNX,REGENXBIO Inc.
RGTI,"Rigetti Computing, Inc."
RH,Rh
RHI,Robert Half International Inc.
RIDE,Lordstown Motors Corp.
RIG,Transocean Ltd.
RIGL,"Rigel Pharmaceuticals, Inc."
RILY,"B. Riley Financial, Inc."
RIOT,"Riot Platforms, Inc."
RKLB,"Rocket Lab USA, Inc."
RKLY,Rockley Photonics Holdings Limited
RKT,"Rocket Companies, Inc."
RL,Ralph Lauren Corporation
RLAY,"Relay Therapeutics, Inc."
RLGY,Realogy Holdings Corp.
RLJ,RLJ Lodging Trust
RMBS,Rambus Inc.
RMO,"Romeo Power, Inc."
RNA,"Avidity Biosciences, Inc."
ROIC,Retail Opportunity Investments Corp.
ROIV,Roivant Sciences Ltd.
ROOT,"Root, Inc."
ROVR,"Rover Group, Inc."
RPAI,"Retail Properties of America, Inc."
RPAY,Repay Holdings Corporation
RPD,"Rapid7, Inc."
RPT,Rithm Property Trust Inc.
RRC,Range Resources Corporation
RRD,R. R. Donnelley & Sons Company
RRR,"Red Rock Resorts, Inc."
RRX,Regal Rexnord Corporation
RSI,"Rush Street Interactive, Inc."
RUBY,"Rubius Therapeutics, Inc."
RUN,Sunrun Inc.
RVLV,"Revolve Group, Inc."
RVMD,"Revolution Medicines, Inc."
RVNC,"Revance Therapeutics, Inc."
RWT,"Redwood Trust, Inc."
RXDX,"Prometheus Biosciences, Inc."
RXN,Zurn Water Solutions Corporation
RXRX,"Recursion Pharmaceuticals, Inc."
RXT,"Rackspace Technology, Inc."
RYAM,Rayonier Advanced Materials Inc.
RYAN,"Ryan Specialty Holdings, Inc."
RYN,Rayonier Inc.
RYTM,"Rhythm Pharmaceuticals, Inc."
S,"SentinelOne, Inc."
SABR,Sabre Corporation
SAGE,"Sage Therapeutics, Inc."
SAIL,"SailPoint, Inc."
SANA,"Sana Biotechnology, Inc."
SATS,EchoStar Corporation
SAVA,"Cassava Sciences, Inc."
SAVE,"Spirit Airlines, Inc."
SB,"Safe Bulkers, Inc."
SBGI,"Sinclair, Inc."
SBH,"Sally Beauty Holdings, Inc."
SBNY,Signature Bank
SBRA,"Sabra Health Care REIT, Inc."
SC,Santander Consumer USA Holdings Inc.
SCI,Service Corporation International
SCS,Steelcase Inc.
SDGR,"Schr√∂dinger, Inc."
SDRL,Seadrill Limited
SEAC,"SeaChange International, Inc."
SEAS,"SeaWorld Entertainment, Inc."
SEAT,Vivid Seats Inc.
SEDG,"SolarEdge Technologies, Inc."
SEE,Sealed Air Corporation
SEIC,SEI Investments Company
SELB,"Selecta Biosciences, Inc."
SEM,Select Medical Holdings Corporation
SENS,"Senseonics Holdings, Inc."
SERV,Serve Robotics Inc.
SES,SES AI Corporation
SF,Stifel Financial Corp.
SFIX,"Stitch Fix, Inc."
SFL,SFL Corporation Ltd.
SFM,"Sprouts Farmers Market, Inc."
SFNC,Simmons First National Corporation
SFT,"Shift Technologies, Inc."
SG,"Sweetgreen, Inc."
SGFY,"Signify Health, Inc."
SGH,"SMART Global Holdings, Inc."
SGHC,Super Group (SGHC) Limited
SGMO,"Sangamo Therapeutics, Inc."
SGMS,Scientific Games Corporation
SGRY,"Surgery Partners, Inc."
SHAK,Shake Shack Inc.
SHC,Sotera Health Company
SHCR,"Sharecare, Inc."
SHLS,"Shoals Technologies Group, Inc."
SHO,"Sunstone Hotel Investors, Inc."
SHOO,"Steven Madden, Ltd."
SI,"Shoulder Innovations, Inc."
SIEN,"Sientra, Inc."
SIG,Signet Jewelers Limited
SIGA,"SIGA Technologies, Inc."
SILK,"Silk Road Medical, Inc"
SITC,SITE Centers Corp.
SIX,Six Flags Entertainment Corporation
SJI,"South Jersey Industries, Inc."
SKIN,The Beauty Health Company
SKLZ,Skillz Inc.
SKT,Tanger Inc.
SKX,"Skechers U.S.A., Inc."
SKYE,"Skye Bioscience, Inc."
SLCA,"U.S. Silica Holdings, Inc."
SLDB,Solid Biosciences Inc.
SLDP,"Solid Power, Inc."
SLG,SL Green Realty Corp.
SLGC,"SomaLogic, Inc."
SLGN,Silgan Holdings Inc.
SLM,SLM Corporation
SLNO,"Soleno Therapeutics, Inc."
SLQT,"SelectQuote, Inc."
SM,SM Energy Company
SMAR,Smartsheet Inc.
SMFR,Sema4 Holdings Corp.
SMG,The Scotts Miracle-Gro Company
SMMT,Summit Therapeutics Inc.
SMPL,The Simply Good Foods Company
SMR,NuScale Power Corporation
SMRT,"SmartRent, Inc."
SMTC,Semtech Corporation
SMXT,Solarmax Technology Inc. Common Stock
SN,"SharkNinja, Inc."
SNBR,Sleep Number Corporation
SNCY,"Sun Country Airlines Holdings, Inc."
SNDR,"Schneider National, Inc."
SNDX,"Syndax Pharmaceuticals, Inc."
SNR,New Senior Investment Group Inc.
SNV,Synovus Financial Corp.
SOC,Sable Offshore Corp.
SOFI,"SoFi Technologies, Inc."
SON,Sonoco Products Company
SOND,Sonder Holdings Inc.
SONO,"Sonos, Inc."
SOUN,"SoundHound AI, Inc."
SOVO,"Sovos Brands, Inc."
SPCE,"Virgin Galactic Holdings, Inc."
SPNT,SiriusPoint Ltd.
SPPI,"Spectrum Pharmaceuticals, Inc."
SPR,"Spirit AeroSystems Holdings, Inc."
SPRB,"Spruce Biosciences, Inc."
SPRO,"Spero Therapeutics, Inc."
SPRY,"ARS Pharmaceuticals, Inc."
SPT,"Sprout Social, Inc."
SPWH,"Sportsman's Warehouse Holdings, Inc."
SPWR,"Complete Solaria, Inc."
SQSP,"Squarespace, Inc."
SRC,"Spirit Realty Capital, Inc."
SRCL,"Stericycle, Inc."
SRG,Seritage Growth Properties
SRNE,"Sorrento Therapeutics, Inc."
SRPT,"Sarepta Therapeutics, Inc."
SRRK,Scholar Rock Holding Corporation
SSRM,SSR Mining Inc.
ST,Sensata Technologies Holding plc
STAA,STAAR Surgical Company
STAG,"STAG Industrial, Inc."
STAR,iStar Inc.
STAY,"Extended Stay America, Inc."
STGW,Stagwell Inc.
STI,Solidion Technology Inc.
STKL,SunOpta Inc.
STL,Sterling Bancorp
STNE,StoneCo Ltd.
STNG,Scorpio Tankers Inc.
STOR,STORE Capital Corporation
STR,Sitio Royalties Corp.
STRO,"Sutro Biopharma, Inc."
STRY,"Starry Group Holdings, Inc."
STWD,"Starwood Property Trust, Inc."
SUM,"Summit Materials, Inc."
SUMO,"Sumo Logic, Inc."
SUNL,Sunlight Financial Holdings Inc.
SUPN,"Supernus Pharmaceuticals, Inc."
SURF,"Surface Oncology, Inc."
SVC,Service Properties Trust
SVRA,Savara Inc.
SWBI,"Smith & Wesson Brands, Inc."
SWCH,"Switch, Inc."
SWI,SolarWinds Corporation
SWIM,"Latham Group, Inc."
SWN,Southwestern Energy Company
SWTX,"SpringWorks Therapeutics, Inc."
SXC,"SunCoke Energy, Inc."
SYNA,Synaptics Incorporated
SYNH,"Syneos Health, Inc."
SYRE,"Spyre Therapeutics, Inc."
SYRS,"Syros Pharmaceuticals, Inc."
TALK,"Talkspace, Inc."
TALO,Talos Energy Inc.
TBIO,"Telesis Bio, Inc."
TCBI,"Texas Capital Bancshares, Inc."
TCDA,"Tricida, Inc."
TCS,"The Container Store Group, Inc."
TDC,Teradata Corporation
TDS,"Telephone and Data Systems, Inc."
TDUP,ThredUp Inc.
TELL,Tellurian Inc.
TELO,"Telomir Pharmaceuticals, Inc. Common Stock"
TEN,Tsakos Energy Navigation Limited
TENB,"Tenable Holdings, Inc."
TERN,"Terns Pharmaceuticals, Inc."
TEX,Terex Corporation
TGI,"Triumph Group, Inc."
TGNA,TEGNA Inc.
TGTX,"TG Therapeutics, Inc."
THC,Tenet Healthcare Corporation
THO,"Thor Industries, Inc."
THS,"TreeHouse Foods, Inc."
TIO,"Tingo Group, Inc."
TK,Teekay Corporation
TKR,The Timken Company
TLMD,"SOC Telemed, Inc."
TLS,Telos Corporation
TMDX,"TransMedics Group, Inc."
TMHC,Taylor Morrison Home Corporation
TMX,"Terminix Global Holdings, Inc."
TNDM,"Tandem Diabetes Care, Inc."
TNGX,"Tango Therapeutics, Inc."
TNK,Teekay Tankers Ltd.
TNL,Travel + Leisure Co.
TNYA,"Tenaya Therapeutics, Inc."
TOI,"The Oncology Institute, Inc."
TOL,"Toll Brothers, Inc."
TPG,TPG Inc.
TPH,"Tri Pointe Homes, Inc."
TPIC,"TPI Composites, Inc."
TPR,"Tapestry, Inc."
TPTX,"Turning Point Therapeutics, Inc."
TPX,"Tempur Sealy International, Inc."
TREX,"Trex Company, Inc."
TRIL,Defiance Trillion Dollar Club Index ETF
TRIP,"Tripadvisor, Inc."
TRN,"Trinity Industries, Inc."
TROX,Tronox Holdings plc
TRUE,"TrueCar, Inc."
TRUP,"Trupanion, Inc."
TRVI,"Trevi Therapeutics, Inc."
TRVN,"Trevena, Inc."
TSHA,"Taysha Gene Therapies, Inc."
TSP,TuSimple Holdings Inc.
TSVT,"2seventy bio, Inc."
TTC,The Toro Company
TTCF,"Tattooed Chef, Inc."
TTEK,"Tetra Tech, Inc."
TTI,"TETRA Technologies, Inc."
TTMI,"TTM Technologies, Inc."
TUP,Tupperware Brands Corporation
TVGN,Tevogen Bio Holdings Inc.
TVTX,"Travere Therapeutics, Inc."
TVTY,"Tivity Health, Inc."
TWKS,"Thoughtworks Holding, Inc."
TWNK,"Hostess Brands, Inc."
TWO,Two Harbors Investment Corp.
TWOU,"2U, Inc."
TWST,Twist Bioscience Corporation
TXG,"10x Genomics, Inc."
TXMD,"TherapeuticsMD, Inc."
TXRH,"Texas Roadhouse, Inc."
TYME,"Tyme Technologies, Inc."
UA,"Under Armour, Inc."
UAA,"Under Armour, Inc."
UBSI,"United Bankshares, Inc."
UCBI,"United Community Banks, Inc."
UDMY,"Udemy, Inc."
UE,Urban Edge Properties
UEC,Uranium Energy Corp.
UFS,Domtar Corporation
UGI,UGI Corporation
UIS,Unisys Corporation
ULCC,"Frontier Group Holdings, Inc."
UMPQ,Umpqua Holdings Corporation
UNFI,"United Natural Foods, Inc."
UNIT,Uniti Group Inc.
UNM,Unum Group
UNVR,Univar Solutions Inc.
UONE,"Urban One, Inc."
UPST,"Upstart Holdings, Inc."
UPWK,Upwork Inc.
URBN,"Urban Outfitters, Inc."
URG,Ur-Energy Inc.
USER,"UserTesting, Inc."
USFD,US Foods Holding Corp.
UTZ,"Utz Brands, Inc."
UUUU,Energy Fuels Inc.
UWMC,UWM Holdings Corporation
VAL,Valaris Limited
VATE,INNOVATE Corp.
VBIV,VBI Vaccines Inc.
VCEL,Vericel Corporation
VCSA,"Vacasa, Inc."
VCYT,"Veracyte, Inc."
VER,"VEREIT, Inc."
VERA,"Vera Therapeutics, Inc."
VERI,"Veritone, Inc."
VERO,Venus Concept Inc.
VERU,Veru Inc.
VERV,"Verve Therapeutics, Inc."
VERX,"Vertex, Inc."
VGR,Vector Group Ltd.
VIAV,Viavi Solutions Inc.
VIEW,"View, Inc."
VINC,"Vincerx Pharma, Inc."
VIR,"Vir Biotechnology, Inc."
VIRT,"Virtu Financial, Inc."
VKTX,"Viking Therapeutics, Inc."
VLD,"Velo3D, Inc."
VLDR,"Velodyne Lidar, Inc."
VLTA,Volta Inc.
VLY,Valley National Bancorp
VMEO,"Vimeo, Inc."
VNDA,Vanda Pharmaceuticals Inc.
VNO,Vornado Realty Trust
VNOM,"Viper Energy, Inc."
VNT,Vontier Corporation
VOR,Vor Biopharma Inc.
VOYA,"Voya Financial, Inc."
VRAY,"ViewRay, Inc."
VRDN,"Viridian Therapeutics, Inc."
VRE,"Veris Residential, Inc."
VRM,"Vroom, Inc."
VRNS,"Varonis Systems, Inc."
VRNT,Verint Systems Inc.
VRRM,Verra Mobility Corporation
VSAT,"Viasat, Inc."
VSCO,Victoria's Secret & Co.
VSH,"Vishay Intertechnology, Inc."
VSTM,"Verastem, Inc."
VSTO,Vista Outdoor Inc.
VTGN,"VistaGen Therapeutics, Inc."
VTNR,"Vertex Energy, Inc."
VTVT,vTv Therapeutics Inc.
VTYX,"Ventyx Biosciences, Inc."
VUZI,Vuzix Corporation
VVNT,"Vivint Smart Home, Inc."
VVV,Valvoline Inc.
VWE,"Vintage Wine Estates, Inc."
VXRT,"Vaxart, Inc."
VYGR,"Voyager Therapeutics, Inc."
VZIO,VIZIO Holding Corp.
WAL,Western Alliance Bancorporation
WBS,Webster Financial Corporation
WBT,"Welbilt, Inc."
WCC,"WESCO International, Inc."
WE,WeWork Inc.
WEBR,Weber Inc.
WEJO,Wejo Group Limited
WEN,The Wendy's Company
WERN,"Werner Enterprises, Inc."
WETF,"WisdomTree, Inc."
WFRD,Weatherford International plc
WGO,"Winnebago Industries, Inc."
WGS,GeneDx Holdings Corp.
WH,"Wyndham Hotels & Resorts, Inc."
WHD,"Cactus, Inc."
WHR,Whirlpool Corporation
WING,Wingstop Inc.
WISH,ContextLogic Inc.
WKHS,Workhorse Group Inc.
WLL,Oasis Petroleum Inc
WNC,Wabash National Corporation
WOLF,"Wolfspeed, Inc."
WOOF,"Petco Health and Wellness Company, Inc."
WRBY,Warby Parker Inc.
WRI,Weingarten Realty Investors
WSC,WillScot Holdings Corporation
WTI,"W&T Offshore, Inc."
WTTR,"Select Water Solutions, Inc."
WU,The Western Union Company
WULF,TeraWulf Inc.
WVE,Wave Life Sciences Ltd.
WW,"WW International, Inc."
WWE,"World Wrestling Entertainment, Inc."
WWW,"Wolverine World Wide, Inc."
X,United States Steel Corporation
XAIR,"Beyond Air, Inc."
XCUR,"Exicure, Inc."
XEC,Cimarex Energy Co.
XERS,"Xeris Biopharma Holdings, Inc."
XFOR,"X4 Pharmaceuticals, Inc."
XHR,"Xenia Hotels & Resorts, Inc."
XL,XL Fleet Corp.
XMTR,"Xometry, Inc."
XOG,"Extraction Oil & Gas, Inc."
XPO,"XPO Logistics, Inc."
XPOF,"Xponential Fitness, Inc."
XPRO,Expro Group Holdings N.V.
XRAY,DENTSPLY SIRONA Inc.
XRX,Xerox Holdings Corporation
YELL,Yellow Corporation
YELP,Yelp Inc.
YETI,"YETI Holdings, Inc."
YEXT,"Yext, Inc."
YOU,"Clear Secure, Inc."
ZETA,Zeta Global Holdings Corp.
ZEV,"Lightning eMotors, Inc."
ZGN,Ermenegildo Zegna N.V.
ZGNX,"Zogenix, Inc."
ZI,ZoomInfo Technologies Inc.
ZION,"Zions Bancorporation, National Association"
ZIOP,"ZIOPHARM Oncology, Inc."
ZIP,"ZipRecruiter, Inc."
ZIXI,Zix Corporation
ZNTL,"Zentalis Pharmaceuticals, Inc."
ZUO,"Zuora, Inc."
ZVRA,"Zevra Therapeutics, Inc."
ZWS,Zurn Elkay Water Solutions Corporation
ZY,Zymergen Inc.
ZYME,Zymeworks Inc.
